x,y,t
0.0,0.0,o
28.21254767466317,12.431454207165695,p
28.078599688021356,12.73110912528233,p
34.789752626303944,16.20794595871352,p
38.585912572579666,18.611634827205226,p
44.899807230231005,21.657096081610188,p
49.00821429128495,24.52009241376331,p
48.65668390123667,25.210456396803604,p
54.201488823308914,29.038228412503383,p
59.71652888185559,33.25144625880965,p
61.18219809445521,35.30932222984239,p
62.69578006177749,37.31488660635623,p
57.59820761364027,35.310056353622436,p
54.135858009342144,34.34240785955967,p
49.36597177969325,32.36574933856051,p
47.34390074183976,31.813781016201524,p
43.103334887116056,29.779432862449276,p
40.66687857851795,28.761799086289397,p
36.79409290417261,26.732473274261675,p
32.76753793594799,24.459774275659402,p
32.342133114273174,24.790097329753156,p
31.74075991535448,24.977515088491614,p
31.200312746238428,25.094662471069654,p
30.761426393652563,25.28570833945325,p
30.30811109730277,25.548933475070008,p
29.886333987678874,25.842738646995414,p
29.49190029814713,26.1565329660517,p
28.697372868673167,26.967483947086006,p
28.3850352399303,27.35372322788829,p
27.918355184555992,27.56008606280059,p
27.630401193552565,27.862852149112964,p
27.398035434279567,27.628531527063846,p
26.913748265536828,27.947990165650783,p
26.137328967106004,28.404225644528342,p
25.617554231053752,28.431211989977143,p
25.123237763645534,28.49671953526116,p
24.48818856360208,28.611260385964613,p
23.88184413976269,28.52187792702442,p
23.295215027853565,28.410571215765188,p
22.61818742288451,28.161534008346717,p
22.19228884756809,28.333415179009133,p
21.745163378757574,28.451783241672928,p
21.178197894639887,28.714914834201938,p
20.672274860725448,28.970763746967716,p
20.245065554675087,29.161401212680236,p
19.456720877559153,29.597506866166178,p
19.056507960842247,29.80929224819597,p
18.512439185641462,30.068017816243334,p
18.049175614032947,30.301817761543592,p
17.673238377499278,30.48793606087639,p
17.35427697561501,30.636141575819217,p
16.998648519220747,30.754927223454686,p
16.60070836984987,30.960190271043178,p
16.1940297774308,31.17483439519262,p
15.670467196416482,31.43009477946312,p
15.21353524854461,31.65379511593026,p
14.806134655906558,31.824336231116636,p
14.428553292311454,32.030200590863124,p
13.66738834726814,32.48168862243709,p
13.242343077252489,32.77594925893594,p
12.867215964753507,33.05382963162351,p
12.467305853002088,33.29217302561819,p
11.687306269502182,33.92316718944231,p
11.23625839963693,34.296276724691104,p
10.822394301865252,34.47104120236224,p
10.477508915517479,34.90122357346876,p
10.050645115314147,35.12015707205781,p
9.556272599263911,35.3925593028896,p
9.111979918676989,35.64373608309919,p
8.702609605926854,35.972276631411994,p
8.176080339882029,36.2801296893464,p
7.648401803182035,36.578939977220244,p
7.265847030629292,36.83013802482276,p
6.4296873776410575,37.340476968375796,p
5.889435403336658,37.95579864302587,p
5.514287603047383,38.45666564109372,p
5.374323782269597,41.21104516853863,p
5.200402053618415,44.00377163926658,p
5.517285049438088,46.685111820399946,p
5.126408320316864,49.354476369761905,p
4.782706557884724,51.950309123056876,p
4.038744906612978,52.01343518341495,p
3.439036754620502,54.661923916016434,p
2.769608303535181,57.24303774123967,p
1.8966863436776382,59.68987335313844,p
1.2325225518777954,61.93773799679089,p
0.5375830465558435,64.1677481642301,p
-0.19024759064511798,64.11971776181063,p
-0.9497209814343202,64.01295517360079,p
-0.9491275912553546,63.972959575241774,p
-2.019242181386047,63.898102953162166,p
-2.9316592012928884,63.82270343950869,p
-3.8264080136345333,63.65509800254174,p
-4.581594708159418,63.60520332433634,p
-5.310620684216799,63.5083475454083,p
-6.079799873942115,63.48956161049479,p
-6.989980986377701,63.41592990574275,p
-7.743319939662357,63.338433011182296,p
-8.52589045233088,63.30847962157086,p
-9.404949782701715,62.334489005564635,p
-10.07513310832038,61.25698403324821,p
-10.709660978697134,60.24549162984208,p
-11.436199044213408,59.16486247276446,p
-11.917694695340556,58.161546172266185,p
-12.440953244745664,56.91616890095513,p
-12.817073988257127,55.69421077975288,p
-12.58383239686977,54.68070283205484,p
-13.632056937319415,53.325121881320456,p
-13.90367023740448,52.03448427657867,p
-13.823645399424617,51.734991329572736,p
-14.549521677965094,51.34849870193308,p
-15.347588417751426,50.833665318952775,p
-15.9573888402627,50.45679479912155,p
-16.547402429482243,50.03472267172834,p
-17.153108922853527,49.78801516711348,p
-17.88116980581246,49.53119589082925,p
-18.522627846420253,49.07050802328235,p
-19.117107024181987,48.756057254724475,p
-19.68967712656843,48.44131206575115,p
-20.288426909560943,48.19360780783489,p
-21.041966107939512,47.93493676132603,p
-21.750741780599398,47.573536046773825,p
-22.388405717445416,47.29892376609702,p
-23.02261009409176,47.01576251062429,p
-23.633284243063848,46.74539844612035,p
-24.45388123619446,46.40054086415477,p
-25.033515967128185,46.06764567810622,p
-25.66860293985436,45.79708312890789,p
-26.291747178887988,45.46531018569472,p
-27.18463706077067,45.1357021422529,p
-27.898316931359325,44.73345853382487,p
-28.581078139913178,44.502517595751556,p
-29.20525786194474,44.191331878744215,p
-29.2548797839303,44.266416263661846,p
-30.050954425199805,43.839053800630374,p
-30.65861143892155,43.47746019073825,p
-30.77901453721559,42.45710616749417,p
-31.936799021499795,41.60580930904157,p
-31.99768901010132,41.6851340169711,p
-32.658243126749866,41.41191562671419,p
-33.295567677316974,41.145960592082496,p
-33.83446537586043,40.898842926538904,p
-34.47782049948007,40.71243536814805,p
-35.13407617745093,40.1474680541261,p
-38.223791351256914,42.526393859996844,p
-41.52271312145264,44.80906599153284,p
-44.11236015030736,47.60367298822199,p
-47.98872264140391,50.41073793594384,p
-48.653154708611,49.76977533503605,p
-52.172140121876694,51.700776542555566,p
-55.69190428193133,53.462620562896085,p
-68.06480263510089,39.40818623388755,p
-67.15168832178767,37.5759664617357,p
-66.11593256887404,35.91296507597361,p
-66.61701640176226,34.974715520320366,p
-66.7808253207783,34.15876855912251,p
-67.13841080950765,33.22562104722476,p
-67.46157748155422,32.264283096022105,p
-67.63120200308376,31.29298508640681,p
-67.63120200308376,31.29298508640681,p
-68.03701574050663,30.277803571693436,p
-68.41211591102109,29.42045711026623,p
-68.79561440021435,28.538287252339124,p
-69.15982373631779,27.536019697143114,p
-69.58391931366353,26.47415103359434,p
-69.59326570981042,26.477706997467216,p
-69.91016852046195,25.54198969228147,p
-70.08737265794126,24.722916371392508,p
-70.3382350647838,23.99989766584887,p
-70.57724069106618,23.095469175474932,p
-70.84846802274151,22.216144553692786,p
-71.11403815243244,21.2811296141531,p
-71.40468930489187,20.394066423150147,p
-71.31814982148977,20.369349671492678,p
-71.56848090055819,19.471554678207852,p
-71.81075058909555,18.55815184307731,p
-72.08329500084213,17.638670069525293,p
-72.36337723040157,16.586718657124432,p
-72.60519120101853,15.684534123254757,p
-72.85883130856828,14.91601824715932,p
-73.00861555716504,14.112110204575322,p
-73.13625299695029,14.136781725911991,p
-73.39900227155114,13.219790676891591,p
-73.5614724201742,12.283573396041941,p
-73.82066685921671,11.230229047554834,p
-74.09821722919257,10.295159224382598,p
-74.22698033893451,10.313049489041997,p
-74.45156561728663,9.379017919529902,p
-74.58969992293527,8.208426487852156,p
-74.81648163992146,7.072239745886354,p
-75.08124495818134,6.238770353969464,p
-75.33575867428883,5.41335062316464,p
-75.68807254495262,4.29788022517966,p
-76.11626657364847,10.521385977583146,p
-75.8476265612254,11.33550373952982,p
-75.60979726123388,12.151335651487424,p
-75.24448484302211,12.09262588142931,p
-74.96899986480159,12.89550151298425,p
-74.84175978879767,13.61454706245882,p
-74.57953789298354,14.415759697949722,p
-74.31323958806797,15.24080122324305,p
-73.93775625736882,16.37806764016799,p
-73.8791762312835,16.365091487277326,p
-73.55306503252592,17.035158476545305,p
-73.29713902743804,17.895024738524995,p
-73.11548842984173,18.62331473357201,p
-72.81543037366755,19.456361414652367,p
-72.53767246955117,20.171023095027202,p
-72.26436909064584,21.022096944189684,p
-71.98085301943613,21.73230081225486,p
-71.95213343451016,21.723629858346523,p
-71.7347349460632,22.79694501941125,p
-71.40944747416441,23.7962961705084,p
-71.19925037771922,24.724555519783344,p
-70.89772477658559,25.664618086064,p
-70.9259334203959,25.674829472570394,p
-70.6354416138084,26.775473628346248,p
-70.32745467893191,27.5468694842586,p
-70.04006875048319,28.26958912732178,p
-69.6436395341975,29.232590929145537,p
-69.34026013951504,30.121227129457747,p
-69.00041335587747,31.111397537205644,p
-68.7267249628643,31.901883578854804,p
-68.69951364243555,31.88925250445378,p
-68.26391955825893,32.92660605868078,p
-67.79162465441176,33.88834204730813,p
-67.48485867380292,34.80170613313159,p
-67.12427469786095,35.70563885839468,p
-67.14193201068427,35.71503137157589,p
-66.75634876140904,36.638946492020246,p
-66.57818684596049,37.453666526848515,p
-66.10228584485542,38.28733349405554,p
-65.74459047986112,39.113921084894514,p
-65.37658979012275,39.93737106287816,p
-65.11014227069525,40.748564066600245,p
-65.28815463727311,40.859971415304656,p
-64.78289842963886,41.877866123467825,p
-64.19934257654623,42.76709030012749,p
-63.85553363175726,43.72279639505595,p
-64.82714688098154,45.35874146481189,p
-36.28337443413359,6.987076618476492,o
-69.72233191010997,35.95281021733161,p
-69.71221892466643,35.964480850528965,p
-69.56332951859078,35.693297017137695,p
-69.50313440405135,35.76293538135358,p
-69.4525909706995,35.66852662279815,p
-68.81405767016474,36.22647210123231,p
-68.76277216067206,36.1189427331168,p
-69.11805350237854,35.48960721639633,p
-69.03684540800708,35.33901727804381,p
-69.33284917433669,34.620726746475825,p
-69.1630064161046,34.371632498208214,p
-68.99759438885928,34.19520615275037,p
-68.73022642751877,33.95368366718317,p
-67.90020057482957,34.451794071765605,p
-67.64547704922589,34.211319850574256,p
-67.44913352213887,34.04088153513132,p
-67.28561110230137,33.83258688687915,p
-66.73583285720063,34.320100161278575,p
-66.71767442876056,34.26546153835488,p
-66.74146771879137,34.23889221786517,p
-66.76048565116781,34.21762181802265,p
-66.70759418914969,34.14173095799052,p
-66.77110258375873,34.055348308308396,p
-66.90112221760239,33.84757588166762,p
-67.09254637334293,33.62779403412121,p
-67.38362354446332,33.24092405605096,p
-67.63237838276892,32.9120134829791,p
-67.7832771653427,32.522515285637965,p
-68.00222524792069,32.07309071104842,p
-67.61783599566382,31.26630886846712,p
-67.61217221342235,30.698055714760805,p
-67.5572390232414,30.187701473470145,p
-67.64158817522024,29.495351340638667,p
-67.57222301439806,28.93648104140519,p
-67.49898388544183,28.392875519321002,p
-67.40841511643822,27.831343036963908,p
-67.31115548450165,27.198402727626807,p
-67.21770620242978,26.641328526116773,p
-67.29260230212397,26.221106020321784,p
-67.27615681232129,25.6536199636783,p
-67.39468833092886,25.15977723272406,p
-67.4939325774819,24.767612616603067,p
-67.62974473800953,24.36265340810522,p
-67.73416515157808,23.836710538758183,p
-67.81317420814992,23.365496145721472,p
-68.06972269138217,22.614119347953825,p
-68.11647533325542,22.150232198576845,p
-68.20597663527228,21.723869645042857,p
-68.30471485669062,21.337751081466568,p
-68.36155812402103,20.96170474082161,p
-68.48144498773354,20.554974489016363,p
-68.45016817059707,20.055197398290755,p
-68.51968197267571,19.665801959792642,p
-68.587424902679,19.296959774935413,p
-68.65722339941473,18.911165815273257,p
-68.74531359715353,18.520723300094275,p
-68.84830158747027,18.041379830252225,p
-69.05075488112357,17.29344739786434,p
-69.13686628466384,16.98125858735933,p
-69.19628238717561,16.64267033790066,p
-69.3085566419179,16.25138124120165,p
-69.46255645034768,15.840182329747321,p
-69.55271456506705,15.5353809680104,p
-69.68178251429794,15.227606802318608,p
-69.75657945948291,14.918315193310104,p
-69.87049333929207,14.513154192534977,p
-70.01592589815402,14.175614142007506,p
-70.10556232580649,13.892871737097916,p
-70.1962903566225,13.591365651688015,p
-70.27549715793234,13.336249220493604,p
-70.40668043672443,12.770854575275028,p
-70.5251933669193,12.5453080075353,p
-70.60916969267892,12.270321820852313,p
-70.73748503203373,11.951989800765357,p
-70.87437524701963,11.620937078494393,p
-71.05694847523063,11.299865554691978,p
-71.18406999606276,10.99436364257869,p
-71.31909322523234,10.681844377219845,p
-71.41149607905933,10.363342262542353,p
-71.52824040533133,9.711397207597226,p
-71.61996476222211,9.26599828997846,p
-71.71245527835438,8.887242541143968,p
-71.8284180108239,8.563869924901459,p
-71.9607484535264,8.257896464227745,p
-72.0812663028334,7.918225240811532,p
-72.24789602890898,7.614839678025578,p
-72.49193996651482,7.309384060609194,p
-72.65334729074485,7.031510944849049,p
-72.82261253896179,6.7511132343024105,p
-72.93905055040466,6.424041576018709,p
-73.1517273349017,6.0602786985262025,p
-73.2728121980878,5.753547572787779,p
-73.41770960002864,5.144917074091055,p
-73.57330332945057,4.869601002984362,p
-73.6406277703549,4.499261678939807,p
-73.79140813948274,4.219495082479289,p
-73.94576027478524,3.8840470037480124,p
-74.09485494028333,3.632446693572928,p
-74.29175869081692,3.267019334467622,p
-74.48296043522896,2.9721383443659386,p
-74.6741299056776,2.6944324072572856,p
-74.86248768726507,2.407281797520583,p
-75.00390132237371,2.0818042002437593,p
-75.4139023870504,1.8215483661100222,p
-75.38819169754147,1.6303829744944869,p
-75.61410866225025,1.298408489884915,p
-78.39126578518307,0.6639535002530277,p
-78.8231519812191,0.3787616861749932,p
-78.78796795850181,0.15611553468785022,p
-81.5821483521157,-0.601466161764252,p
-84.23302012988978,-1.3556074610899467,p
-86.88563050858768,-2.09035584755562,p
-89.6173221868782,-2.8304035626854605,p
-92.26287482296308,-3.317385338221615,p
-95.0278381670776,-4.0915686384502505,p
-94.95307036346789,-4.480930163848602,p
-97.63951551665605,-5.32878110486542,p
-97.58738884780738,-5.585680309424231,p
-102.62363515912007,-6.8600424660412775,p
-102.54302434013053,-7.145201836702642,p
-102.4782121021227,-7.445732051653191,p
-102.41608892292668,-7.819576424793488,p
-102.46862927994347,-8.086291982974174,p
-102.43509522422349,-8.321739028398014,p
-102.52183297236711,-8.61000998379377,p
-102.48367253448993,-8.857336637430365,p
-102.5223225017446,-9.123499376699222,p
-102.57247518098568,-9.380987475169245,p
-102.66955939414743,-9.404959449530178,p
-102.76034270804686,-9.66145452121053,p
-102.68115053104677,-9.974533841152205,p
-102.71533440055852,-10.242885512048232,p
-102.78712365324546,-10.521899359617628,p
-102.786667916254,-10.757805912297254,p
-102.76651217655312,-11.063532676571455,p
-102.68691640400891,-11.241176557705998,p
-102.74477601072097,-11.257059438777315,p
-102.75138472611428,-11.458627700555322,p
-102.75087226367076,-11.683577689299462,p
-102.6786922931591,-11.938656297291082,p
-102.72125294413124,-12.189231657382916,p
-102.67704362092664,-12.377486168085106,p
-102.6700073949076,-12.614539746799984,p
-102.67596239307802,-12.805413475340078,p
-102.77179465052453,-12.833982312080575,p
-102.77271596956966,-13.074577405659635,p
-102.69519479566847,-13.329729633176871,p
-102.78151565656744,-13.559388137321381,p
-102.73342594430186,-13.747984372414862,p
-102.7156402412412,-13.971684311831396,p
-102.72517688577281,-13.974693034330727,p
-102.63410666982162,-14.162626258586112,p
-102.66624849905115,-14.390052068072958,p
-102.6671192715353,-14.582309588894859,p
-102.61421719898367,-14.744451125903016,p
-101.72140912733302,-14.57848888515985,p
-100.72729037256147,-14.463053882777832,p
-99.68128641449674,-14.311729839401064,p
-98.7134710738595,-14.083640824327468,p
-97.6917933318912,-13.858272706433503,p
-96.69814033918973,-13.67396306100881,p
-95.68417356820001,-13.547468962916241,p
-94.66236987006064,-13.319793940327184,p
-93.65945422027445,-13.12822771365824,p
-92.66858442133616,-12.780841701343412,p
-92.44443017708174,-12.845457708670683,p
-92.26490725488873,-12.903023507936041,p
-92.20778491872912,-13.003731568049215,p
-92.0340620600912,-13.073415131051927,p
-92.0412852374348,-13.230032048469553,p
-91.86498780847066,-13.275940301659407,p
-91.75315808290102,-13.377873711905707,p
-91.71753007212888,-13.47465568117289,p
-91.6701531476213,-13.545084586402663,p
-91.44682574300944,-13.57187616840649,p
-91.35250777492729,-13.62434140876955,p
-91.37983870772956,-13.722322806624241,p
-91.36958058114723,-13.806294737047299,p
-91.29786549003904,-13.91096811924237,p
-91.27431372745949,-14.000924611696572,p
-91.17224401045013,-14.071795541117254,p
-91.12043552579249,-14.150795337557106,p
-91.02558772206434,-14.20207353764582,p
-90.9698834281556,-14.290332388419774,p
-90.97920287413277,-14.293958395407998,p
-90.9996948686406,-14.433984935712413,p
-90.9343083812511,-14.518464962888036,p
-90.88186076438791,-14.5969311290442,p
-90.90743788578835,-14.69528008068318,p
-90.86022376088785,-14.786878409601496,p
-90.75716663669903,-14.856047312676804,p
-90.7042368349742,-14.934114853447966,p
-90.7291992215626,-15.032575132098042,p
-90.7207884006331,-15.106598056415532,p
-90.68601659242636,-15.192080854176687,p
-90.6696187165947,-15.2850883604488,p
-90.56203149569593,-15.362809009716525,p
-90.5162011945284,-15.421468661773268,p
-90.4742290340503,-15.470591954433878,p
-90.36502895261202,-15.524943382934772,p
-90.38495677399672,-15.63301154056942,p
-90.3388380838206,-15.691354756232062,p
-90.32555218622994,-15.774571472354324,p
-90.26104071892696,-15.747400337184509,p
-90.28849208685898,-15.836686596981377,p
-90.31580577328623,-15.926073832296414,p
-90.29697339620836,-15.995985126298859,p
-90.20045723144625,-16.043882602270926,p
-90.26419290859351,-16.14913173180004,p
-90.25830958000738,-16.213545700735523,p
-90.15753249406526,-16.270556393794966,p
-90.12907773511185,-16.336358720748702,p
-90.1749040960606,-16.456812365598672,p
-90.15633930509766,-16.549443005543363,p
-90.18661896369244,-16.62992423232132,p
-90.05289888354592,-16.660879751663604,p
-89.96405814688282,-16.68892591851822,p
-89.94838063155566,-16.749172239138943,p
-89.89690685761002,-16.815963966222775,p
-89.84951646318143,-16.873309550315383,p
-89.74807219467291,-16.928838446061217,p
-89.69219538622602,-17.004595780656775,p
-89.63968922426483,-17.048190636464184,p
-89.6488068447006,-17.052297824990315,p
-89.5954565780296,-17.218798649368818,p
-89.61196165534014,-17.327402298213578,p
-89.6665549881037,-17.35229342148608,p
-89.64644167410606,-17.44444307928644,p
-89.67107673466354,-17.534663594444545,p
-89.63678589635711,-17.60918296184741,p
-89.58376837628971,-17.652452711666296,p
-89.64866313539812,-17.750311316200214,p
-89.7134112908864,-17.848332810120322,p
-89.6239277120276,-17.874698780882092,p
-89.61598205200065,-17.93901141552174,p
-89.61668022078794,-17.9847193495195,p
-89.55460954335243,-18.04640316237559,p
-89.47846272733337,-18.06731584030566,p
-89.42944920720367,-18.100921233389716,p
-89.43849226910143,-18.10519007767283,p
-89.466418087815,-18.186510089233987,p
-89.44906131483799,-18.24647720382322,p
-89.35499104930645,-18.281320834708147,p
-89.33733744821839,-18.318365651915105,p
-89.36493660335866,-18.399797109391113,p
-89.35177973853902,-18.450432269922004,p
-89.30696442267589,-18.474488626554255,p
-89.29373559851223,-18.525087327808734,p
-89.28491957175521,-18.56643220173563,p
-89.27607164888437,-18.60777719837008,p
-89.26271665767896,-18.658369323453663,p
-89.25828009695297,-18.690467462205902,p
-89.17288833702055,-18.706099890400843,p
-89.15943767344518,-18.756622344810086,p
-89.118984940384,-18.771158228496294,p
-89.12797364581206,-18.775540371205885,p
-89.123441158145,-18.83042613841349,p
-89.1098720630719,-18.88092578332823,p
-89.09625506267247,-18.931421403509706,p
-89.0871217931541,-18.972697356747837,p
-89.07784683193083,-19.03682171052538,p
-88.99235713436056,-19.051879633784747,p
-88.98312821332263,-19.09310650229263,p
-88.9603488963848,-19.13908577678035,p
-88.94648425190974,-19.189496196176886,p
-88.93714840308952,-19.23071289219925,p
-88.89656555271665,-19.244892814249162,p
-88.89177032026845,-19.27690408300343,p
-88.89154470300785,-19.299736063192135,p
-88.89154470300785,-19.299736063192135,p
-88.89130955510191,-19.32257108551203,p
-88.89130955510191,-19.32257108551203,p
-88.92708509751671,-19.34046271944878,p
-88.92248927327653,-19.349650379226212,p
-88.92683416927645,-19.36331326695769,p
-88.92683416927645,-19.36331326695769,p
-88.9222343568672,-19.37250088259187,p
-88.9222343568672,-19.37250088259187,p
-88.96720479726491,-19.37202272631906,p
-88.96720479726491,-19.37202272631906,p
-88.96720479726491,-19.37202272631906,p
-88.92248927327653,-19.349650379226212,p
-88.9314323780742,-19.35412484864478,p
-88.89565995888348,-19.3362269709705,p
-88.9314323780742,-19.35412484864478,p
-88.9314323780742,-19.35412484864478,p
-88.9314323780742,-19.35412484864478,p
-88.9314323780742,-19.35412484864478,p
-88.89565995888348,-19.3362269709705,p
-88.85988753969276,-19.31832909329622,p
-88.89565995888348,-19.3362269709705,p
-88.9314323780742,-19.35412484864478,p
-88.89565995888348,-19.3362269709705,p
-88.89565995888348,-19.3362269709705,p
-88.85988753969276,-19.31832909329622,p
-88.89565995888348,-19.3362269709705,p
-88.89565995888348,-19.3362269709705,p
-88.9314323780742,-19.35412484864478,p
-88.96720479726491,-19.37202272631906,p
-89.00297721645565,-19.389920603993342,p
-88.96720479726491,-19.37202272631906,p
-88.9314323780742,-19.35412484864478,p
-88.9314323780742,-19.35412484864478,p
-88.9314323780742,-19.35412484864478,p
-88.96720479726491,-19.37202272631906,p
-88.9761479020626,-19.37649719573763,p
-88.9314323780742,-19.35412484864478,p
-88.9761479020626,-19.37649719573763,p
-88.9761479020626,-19.37649719573763,p
-88.94037548287189,-19.35859931806335,p
-88.94037548287189,-19.35859931806335,p
-88.94037548287189,-19.35859931806335,p
-88.9761479020626,-19.37649719573763,p
-88.9761479020626,-19.37649719573763,p
-88.9761479020626,-19.37649719573763,p
-89.01192032125331,-19.39439507341191,p
-89.01192032125331,-19.39439507341191,p
-89.01192032125331,-19.39439507341191,p
-88.96720479726491,-19.37202272631906,p
-88.96720479726491,-19.37202272631906,p
-88.96720479726491,-19.37202272631906,p
-88.96720479726491,-19.37202272631906,p
-89.00297721645565,-19.389920603993342,p
-89.00297721645565,-19.389920603993342,p
-89.03874963564635,-19.407818481667622,p
-89.00297721645565,-19.389920603993342,p
-88.96720479726491,-19.37202272631906,p
-89.00297721645565,-19.389920603993342,p
-88.96720479726491,-19.37202272631906,p
-89.00297721645565,-19.389920603993342,p
-89.03874963564635,-19.407818481667622,p
-89.03874963564635,-19.407818481667622,p
-89.03874963564635,-19.407818481667622,p
-89.04769274044403,-19.41229295108619,p
-89.01192032125331,-19.39439507341191,p
-89.04769274044403,-19.41229295108619,p
-89.04769274044403,-19.41229295108619,p
-89.01192032125331,-19.39439507341191,p
-89.04769274044403,-19.41229295108619,p
-89.03874963564635,-19.407818481667622,p
-89.03874963564635,-19.407818481667622,p
-89.03874963564635,-19.407818481667622,p
-89.03874963564635,-19.407818481667622,p
-89.00297721645565,-19.389920603993342,p
-88.96720479726491,-19.37202272631906,p
-89.00297721645565,-19.389920603993342,p
-88.96720479726491,-19.37202272631906,p
-89.00297721645565,-19.389920603993342,p
-89.00297721645565,-19.389920603993342,p
-89.04769274044403,-19.41229295108619,p
-89.04769274044403,-19.41229295108619,p
-89.04769274044403,-19.41229295108619,p
-89.01192032125331,-19.39439507341191,p
-89.04769274044403,-19.41229295108619,p
-89.08346515963476,-19.43019082876047,p
-89.08346515963476,-19.43019082876047,p
-89.08346515963476,-19.43019082876047,p
-89.08346515963476,-19.43019082876047,p
-89.11923757882548,-19.44808870643475,p
-89.07452205483708,-19.4257163593419,p
-89.07452205483708,-19.4257163593419,p
-89.07452205483708,-19.4257163593419,p
-89.03874963564635,-19.407818481667622,p
-89.03874963564635,-19.407818481667622,p
-89.00297721645565,-19.389920603993342,p
-89.00297721645565,-19.389920603993342,p
-88.96720479726491,-19.37202272631906,p
-89.00297721645565,-19.389920603993342,p
-89.00297721645565,-19.389920603993342,p
-88.96720479726491,-19.37202272631906,p
-88.9314323780742,-19.35412484864478,p
-88.89565995888348,-19.3362269709705,p
-88.89565995888348,-19.3362269709705,p
-88.9314323780742,-19.35412484864478,p
-88.9314323780742,-19.35412484864478,p
-88.89565995888348,-19.3362269709705,p
-88.89565995888348,-19.3362269709705,p
-88.8509444348951,-19.313854623877653,p
-88.81517201570438,-19.295956746203373,p
-88.8509444348951,-19.313854623877653,p
-88.8509444348951,-19.313854623877653,p
-88.89565995888348,-19.3362269709705,p
-88.9314323780742,-19.35412484864478,p
-88.9314323780742,-19.35412484864478,p
-88.9314323780742,-19.35412484864478,p
-88.96720479726491,-19.37202272631906,p
-88.96720479726491,-19.37202272631906,p
-88.96720479726491,-19.37202272631906,p
-88.96720479726491,-19.37202272631906,p
-88.96720479726491,-19.37202272631906,p
-88.96720479726491,-19.37202272631906,p
-89.00297721645565,-19.389920603993342,p
-89.00297721645565,-19.389920603993342,p
-88.96720479726491,-19.37202272631906,p
-88.9314323780742,-19.35412484864478,p
-88.89565995888348,-19.3362269709705,p
-88.89565995888348,-19.3362269709705,p
-88.9314323780742,-19.35412484864478,p
-88.96720479726491,-19.37202272631906,p
-89.00297721645565,-19.389920603993342,p
-89.00297721645565,-19.389920603993342,p
-89.00297721645565,-19.389920603993342,p
-88.96720479726491,-19.37202272631906,p
-88.96720479726491,-19.37202272631906,p
-88.96720479726491,-19.37202272631906,p
-88.96720479726491,-19.37202272631906,p
-88.96720479726491,-19.37202272631906,p
-89.00297721645565,-19.389920603993342,p
-89.00297721645565,-19.389920603993342,p
-89.00297721645565,-19.389920603993342,p
-88.96720479726491,-19.37202272631906,p
-88.96720479726491,-19.37202272631906,p
-88.96720479726491,-19.37202272631906,p
-88.96720479726491,-19.37202272631906,p
-88.96720479726491,-19.37202272631906,p
-88.96720479726491,-19.37202272631906,p
-88.96720479726491,-19.37202272631906,p
-88.96720479726491,-19.37202272631906,p
-88.96720479726491,-19.37202272631906,p
-88.96720479726491,-19.37202272631906,p
-88.96720479726491,-19.37202272631906,p
-88.96720479726491,-19.37202272631906,p
-88.9314323780742,-19.35412484864478,p
-88.9314323780742,-19.35412484864478,p
-88.9314323780742,-19.35412484864478,p
-88.9314323780742,-19.35412484864478,p
-88.96720479726491,-19.37202272631906,p
-88.96720479726491,-19.37202272631906,p
-88.9314323780742,-19.35412484864478,p
-88.9314323780742,-19.35412484864478,p
-88.9314323780742,-19.35412484864478,p
-88.96720479726491,-19.37202272631906,p
-88.96720479726491,-19.37202272631906,p
-88.96720479726491,-19.37202272631906,p
-89.00297721645565,-19.389920603993342,p
-89.01192032125331,-19.39439507341191,p
-89.01192032125331,-19.39439507341191,p
-89.01192032125331,-19.39439507341191,p
-89.04769274044403,-19.41229295108619,p
-89.01192032125331,-19.39439507341191,p
-89.01192032125331,-19.39439507341191,p
-88.96720479726491,-19.37202272631906,p
-88.96720479726491,-19.37202272631906,p
-88.9314323780742,-19.35412484864478,p
-88.96720479726491,-19.37202272631906,p
-88.9314323780742,-19.35412484864478,p
-88.9314323780742,-19.35412484864478,p
-88.96720479726491,-19.37202272631906,p
-88.96720479726491,-19.37202272631906,p
-88.9314323780742,-19.35412484864478,p
-88.9314323780742,-19.35412484864478,p
-88.9314323780742,-19.35412484864478,p
-88.9314323780742,-19.35412484864478,p
-88.96720479726491,-19.37202272631906,p
-88.9314323780742,-19.35412484864478,p
-88.9314323780742,-19.35412484864478,p
-88.96720479726491,-19.37202272631906,p
-88.96720479726491,-19.37202272631906,p
-88.9314323780742,-19.35412484864478,p
-88.89565995888348,-19.3362269709705,p
-88.89565995888348,-19.3362269709705,p
-88.89565995888348,-19.3362269709705,p
-88.9314323780742,-19.35412484864478,p
-88.9314323780742,-19.35412484864478,p
-88.89565995888348,-19.3362269709705,p
-88.89565995888348,-19.3362269709705,p
-88.85988753969276,-19.31832909329622,p
-88.85988753969276,-19.31832909329622,p
-88.85988753969276,-19.31832909329622,p
-88.85988753969276,-19.31832909329622,p
-88.85988753969276,-19.31832909329622,p
-88.85988753969276,-19.31832909329622,p
-88.89565995888348,-19.3362269709705,p
-88.8509444348951,-19.313854623877653,p
-88.81517201570438,-19.295956746203373,p
-88.81517201570438,-19.295956746203373,p
-88.81517201570438,-19.295956746203373,p
-88.81517201570438,-19.295956746203373,p
-88.81517201570438,-19.295956746203373,p
-88.81517201570438,-19.295956746203373,p
-88.8509444348951,-19.313854623877653,p
-88.8867168540858,-19.331752501551932,p
-88.8867168540858,-19.331752501551932,p
-88.92248927327653,-19.349650379226212,p
-88.92248927327653,-19.349650379226212,p
-88.92248927327653,-19.349650379226212,p
-88.92248927327653,-19.349650379226212,p
-88.92248927327653,-19.349650379226212,p
-88.92248927327653,-19.349650379226212,p
-88.96720479726491,-19.37202272631906,p
-88.96720479726491,-19.37202272631906,p
-88.92248927327653,-19.349650379226212,p
-88.8867168540858,-19.331752501551932,p
-88.8509444348951,-19.313854623877653,p
-88.8509444348951,-19.313854623877653,p
-88.89565995888348,-19.3362269709705,p
-88.89565995888348,-19.3362269709705,p
-88.9314323780742,-19.35412484864478,p
-88.9314323780742,-19.35412484864478,p
-88.96720479726491,-19.37202272631906,p
-88.9314323780742,-19.35412484864478,p
-88.89565995888348,-19.3362269709705,p
-88.9314323780742,-19.35412484864478,p
-88.9314323780742,-19.35412484864478,p
-88.9314323780742,-19.35412484864478,p
-88.8867168540858,-19.331752501551932,p
-88.8867168540858,-19.331752501551932,p
-88.8509444348951,-19.313854623877653,p
-88.8509444348951,-19.313854623877653,p
-88.81517201570438,-19.295956746203373,p
-88.81517201570438,-19.295956746203373,p
-88.81517201570438,-19.295956746203373,p
-88.77939959651366,-19.278058868529094,p
-88.81517201570438,-19.295956746203373,p
-88.8509444348951,-19.313854623877653,p
-88.8509444348951,-19.313854623877653,p
-88.8867168540858,-19.331752501551932,p
-88.8867168540858,-19.331752501551932,p
-88.8867168540858,-19.331752501551932,p
-88.92248927327653,-19.349650379226212,p
-88.92248927327653,-19.349650379226212,p
-88.95826169246725,-19.36754825690049,p
-88.95826169246725,-19.36754825690049,p
-89.00297721645565,-19.389920603993342,p
-89.00297721645565,-19.389920603993342,p
-89.00297721645565,-19.389920603993342,p
-89.03874963564635,-19.407818481667622,p
-89.00297721645565,-19.389920603993342,p
-89.00297721645565,-19.389920603993342,p
-89.00297721645565,-19.389920603993342,p
-89.03874963564635,-19.407818481667622,p
-89.00297721645565,-19.389920603993342,p
-89.04769274044403,-19.41229295108619,p
-89.03874963564635,-19.407818481667622,p
-89.03874963564635,-19.407818481667622,p
-89.03874963564635,-19.407818481667622,p
-89.03874963564635,-19.407818481667622,p
-89.04769274044403,-19.41229295108619,p
-89.08346515963476,-19.43019082876047,p
-89.07452205483708,-19.4257163593419,p
-89.07452205483708,-19.4257163593419,p
-89.07452205483708,-19.4257163593419,p
-89.02980653084867,-19.40334401224905,p
-89.02980653084867,-19.40334401224905,p
-89.02980653084867,-19.40334401224905,p
-88.99403411165795,-19.38544613457477,p
-88.99403411165795,-19.38544613457477,p
-88.99403411165795,-19.38544613457477,p
-88.99403411165795,-19.38544613457477,p
-88.99403411165795,-19.38544613457477,p
-88.95826169246725,-19.36754825690049,p
-88.92248927327653,-19.349650379226212,p
-88.95826169246725,-19.36754825690049,p
-88.99403411165795,-19.38544613457477,p
-89.03874963564635,-19.407818481667622,p
-89.07452205483708,-19.4257163593419,p
-89.10568064366117,-19.452833871290743,p
-89.09182949876694,-19.480487940556895,p
-89.11371440225139,-19.526076322150818,p
-89.17228930841341,-19.520814346690514,p
-89.20804922381184,-19.538737193861014,p
-89.24811477327705,-19.570385248334297,p
-89.25274911805988,-19.561140752824137,p
-89.25274911805988,-19.561140752824137,p
-89.19878674388842,-19.557209774053405,p
-89.16303308692235,-19.539274445409802,p
-89.1319052164148,-19.512115711748887,p
-89.1319052164148,-19.512115711748887,p
-89.09152577299025,-19.5034037881226,p
-89.0468337017827,-19.4809846273181,p
-89.01108004481665,-19.4630492986745,p
-89.01108004481665,-19.4630492986745,p
-89.01108004481665,-19.4630492986745,p
-89.006462823903,-19.47225161646861,p
-89.0018439969522,-19.481453128265517,p
-88.99260152550221,-19.499853732746423,p
-88.98797788128448,-19.509052824869958,p
-89.01908748712586,-19.53622386981987,p
-88.9740973163508,-19.536645257410264,p
-88.99592146369301,-19.58223435596328,p
-88.95093094231893,-19.58261648206767,p
-88.98200257991209,-19.609830937721874,p
-88.94629285391123,-19.591808300041915,p
-88.91058312791037,-19.573785662361956,p
-88.94165316129931,-19.600999308377002,p
-88.91058312791037,-19.573785662361956,p
-88.86560499914829,-19.5741193035379,p
-88.90130843188638,-19.592154405165477,p
-88.94629285391123,-19.591808300041915,p
-88.94663842265301,-19.56892131185016,p
-89.00485125312713,-19.586735340373654,p
-88.99162730550829,-19.568534450508928,p
-88.89339098195947,-19.519040766713797,p
-88.8573483853717,-19.523895883009324,p
-88.91587909090254,-19.518853917069617,p
-88.83549685063258,-19.478373113604505,p
-88.79545441795372,-19.446719094074485,p
-88.78761968877883,-19.350953494651993,p
-88.77842278334475,-19.36927932869465,p
-88.75161223771184,-19.355818472746144,p
-88.72480169207896,-19.34235761679764,p
-88.57648740976268,-19.3479349691058,p
-88.463073821542,-19.439407669822057,p
-88.39904498965208,-19.521370762474763,p
-88.24815728692633,-19.68480826171333,p
-88.02199412791146,-19.77442057773099,p
-87.88876163084593,-19.705506851045477,p
-87.54542562709184,-20.017473136898555,p
-87.30545059816191,-20.107584182354604,p
-87.10545555288866,-20.206409196304236,p
-86.84513446316895,-20.22624406765519,p
-86.6172476072477,-20.353362503689475,p
-86.412277689908,-20.45769626040174,p
-86.15858853732462,-20.545520755560993,p
-85.92054249893118,-20.686023072505694,p
-85.65605509397619,-20.81029743845923,p
-85.45010430448387,-21.011656814591603,p
-85.24685692889236,-21.145436280044546,p
-85.18616197981083,-21.11056332267078,p
-84.93585089844277,-21.363454838444056,p
-84.73868466087521,-21.600866833794242,p
-84.48442469813038,-21.872084031959186,p
-84.26391458795227,-22.02520813381066,p
-83.96647284518995,-22.301892737264158,p
-83.67931704477894,-22.594700272853277,p
-83.41295582371541,-22.979989605009298,p
-83.11859006399959,-23.254039050492384,p
-82.84990080772087,-23.647972287931353,p
-82.50603622438058,-24.00305143909115,p
-82.13215821311309,-24.394488447472465,p
-81.89535323908032,-24.737692718700572,p
-81.48306801327644,-25.253551482594887,p
-81.16247071549188,-25.715333338108863,p
-80.77119912487774,-26.245653547515225,p
-80.4546086110625,-26.747749174565747,p
-80.03507829675681,-27.306312090097066,p
-79.6397613277451,-27.772794145544935,p
-79.17177136001662,-28.44288681825185,p
-78.789990440065,-28.946517631532714,p
-78.3959400898128,-29.453394205815933,p
-77.99584958747418,-29.95595813209514,p
-77.46942888691845,-30.541943067790825,p
-77.08028953873867,-31.096618290862942,p
-76.64761809446841,-31.61279817055774,p
-75.13776295328745,-31.30181201520736,p
-74.6279526581994,-31.89666575309184,p
-73.37189909886398,-31.459480291000922,p
-72.81725611066793,-31.836004012058083,p
-72.43433432664051,-32.45095196879389,p
-72.1393043373741,-32.97501029867415,p
-72.2661925229136,-33.116429492458074,p
-71.86977763231212,-33.73459215156127,p
-71.42346315493685,-34.44869373389025,p
-73.13204535033186,-37.49205390033787,p
-72.53882746228447,-37.97690592003475,p
-74.80215768330717,-42.06718147399887,p
-76.17277532089201,-45.16722614644862,p
-78.29507548773638,-49.191562334267026,p
-80.31930285140248,-51.898387703622305,p
-81.39804548824105,-55.01686564070311,p
-80.5497961968534,-55.625272836922534,p
-81.35644196737515,-58.84047827416589,p
-64.83128863700497,-66.2345369574718,p
-63.02972240043195,-64.66362659137127,p
-61.42904408754808,-63.08786753192116,p
-59.89687008723599,-61.475024014216004,p
-58.39104902635219,-59.70413962567798,p
-56.92533876905934,-57.8881552377231,p
-55.896340437949405,-57.85148570775931,p
-55.82395718579478,-57.612193700355135,p
-54.63702747131521,-57.6579805799726,p
-53.779720283756774,-57.67773592985131,p
-52.99238520986077,-57.7617137864155,p
-52.164398443227554,-57.81532670441409,p
-51.3715519702051,-57.850503523289944,p
-50.62369215652148,-58.020001362470836,p
-49.71315995042516,-58.091670764877506,p
-48.77299562239963,-58.17680803071869,p
-47.99088308422452,-58.342175185046,p
-46.89149123748683,-58.509414569116245,p
-46.066147502991036,-58.62765458636224,p
-45.261094790822376,-58.72245798037069,p
-44.33791039168523,-58.80169788377813,p
-43.62001091061349,-58.83531064613118,p
-42.841285908666976,-58.947598607023664,p
-42.02375152351643,-59.02379877998864,p
-42.02028615853642,-58.98394917214169,p
-41.06404600821663,-59.060130584407986,p
-40.16449263105441,-59.119090427734335,p
-39.11283389653549,-59.14241951714081,p
-38.074038346708576,-59.18870084391682,p
-37.31071420180648,-59.144944165722734,p
-36.56008510586763,-59.07234383920046,p
-35.775614276312645,-59.1309737128977,p
-35.001920413461214,-59.150510089785726,p
-34.24956194048858,-59.201683807601086,p
-33.34694035645744,-59.20782465728237,p
-33.345610851140044,-59.237795183063724,p
-32.28266056132391,-59.1820883188862,p
-31.23773221470828,-59.190853196481854,p
-30.4491764711987,-59.16615636472159,p
-29.60279942768013,-59.126253486602536,p
-28.82824989065978,-59.16415933400813,p
-28.02760398162227,-59.20002374281326,p
-27.20738228821424,-59.18338859499477,p
-26.240324831531204,-59.18513850750874,p
-25.16254514302517,-59.113967668872135,p
-24.082039373661495,-58.97392566879999,p
-24.049298760797974,-59.15092299157445,p
-23.21128137157735,-59.09234516292129,p
-21.52697268494586,-58.92119454240718,p
-20.67909856532814,-58.92088553034294,p
-19.934449825994534,-58.977112637189975,p
-19.101674275053927,-59.35408767371453,p
-18.05083155084316,-59.70560648851041,p
-17.011754147486897,-59.9124678607448,p
-16.00147312544468,-60.02071829603031,p
-15.862417095903606,-60.480134687388144,p
-14.156200593591432,-62.17976932544687,p
-13.409053376765396,-61.936285430718726,p
-11.260095764047783,-65.35750178653758,p
-9.781517353112683,-66.98905447295827,p
-2.679054891833914,-60.11919885631808,p
-5.221997680095129,-52.88523229093237,p
-12.112750834627501,-37.03370659594393,p
-16.477951473480566,-28.075982594171194,p
-21.078989976749973,-19.094771346575207,p
-0.3495076676625266,0.2143464257810262,o
16.60427548763356,-35.10762459401342,p
20.342935172721827,-42.89684944370775,p
24.073789646204517,-50.57888292930581,p
24.16240331139391,-50.53617889322245,p
28.647077249499038,-59.47524783604855,p
32.54308301394826,-67.16575359085601,p
38.68541753715699,-66.50570014385309,p
30.039880119034045,-50.46220840926846,p
26.090093242331793,-42.729016317723676,p
21.651528443141732,-33.729090495825595,p
32.851763531490256,-10.541377202144133,p
40.89780373344336,-12.59328419741389,p
41.08326289272255,-11.979981095262817,p
49.104031040386516,-13.649170777710113,p
57.218545888895434,-15.254050702211067,p
60.671231483441225,-15.453116465604861,p
63.9159532901246,-15.546980545103695,p
68.15439266130858,-15.752219883804573,p
69.42755201313088,-15.063311847102185,p
65.0061838506485,-13.308271152312647,p
60.11826125714209,-11.5941683519729,p
54.98976502424022,-9.922344253687596,p
50.050139786111664,-7.587931224704938,p
44.84057081211624,-6.249345011117511,p
44.43752414517945,-5.499171001818191,p
44.23294734498772,-4.8573007469841,p
44.11649092201682,-4.153418382749059,p
44.10474782318604,-3.6279925434355027,p
44.07625330981246,-3.11044854116963,p
44.10113237987699,-2.605618000249194,p
44.08584928582511,-1.9900020984177422,p
44.02530505279701,-1.280978296191601,p
43.78964694398446,-0.7641882793381276,p
43.628948998425045,-0.15409525082061232,p
43.33958135258772,0.4964821744007599,p
42.9944075345909,0.9406486630513682,p
42.39167195104233,1.482875022860362,p
41.99269580852163,2.0038169568093065,p
41.579837212922136,2.470479818333065,p
41.2169305447313,2.851336060809292,p
40.94786208692518,3.399256370012524,p
40.798469197430364,3.980830185175206,p
40.567369131523535,4.493223965537122,p
40.33938944311865,5.571141354491943,p
40.18386529180677,6.0408527999784924,p
39.98552557452678,6.422501816191527,p
39.77843451427731,6.89346734420237,p
39.653216353659666,7.383144851872537,p
39.51220983857553,7.8688599604790275,p
39.250655160156086,8.263893245959949,p
39.063715755842715,8.76459316893749,p
38.928325101218306,9.188529005817546,p
38.82217397269658,9.683736979895503,p
38.657853570652435,10.178952249575723,p
38.35478149174785,11.18844778601768,p
38.18744910922096,11.622197335422772,p
38.0061712493127,12.116761929278702,p
37.825038457648326,12.588550566917291,p
37.69615028037345,13.010733075966574,p
37.473941456285644,13.593475559177717,p
37.26742427729461,14.077049302509764,p
37.133906277592935,14.490402569150188,p
36.98617522969825,14.981515504102099,p
36.76809686980201,15.573784351707621,p
36.591435952293786,16.070155596782325,p
36.44125555146799,16.563882864282057,p
36.236874450418064,17.111880077465003,p
36.012625560368676,17.565985169914367,p
35.882480470495366,17.995590351794355,p
35.44267820542826,19.037550999554334,p
35.300577632566764,19.474196323596324,p
35.080752837400226,20.040002544643535,p
34.898841704741244,20.442135887829586,p
34.73242414579415,20.887431832559958,p
34.51611153692379,21.404641314733883,p
34.32721765285395,21.807104958341224,p
34.29417265793055,22.421055175573617,p
34.162694144696374,22.953669768022564,p
34.059790169709274,23.432449757858784,p
33.81824051721972,24.014652809827343,p
33.70070440133605,24.511094316316157,p
33.51621883976351,25.073000213229395,p
33.00506247601699,25.984390091447626,p
32.99293417442673,26.58443690736442,p
32.84975762664431,27.19465746769145,p
32.70200809050934,27.673738372568867,p
32.606585564641705,28.222531280634993,p
32.54339504623896,28.848051234167457,p
34.0980544280262,30.970774463894763,p
35.61574672440874,33.12426858481383,p
37.113692558548365,35.33316088200708,p
39.01056345607803,37.11132870257549,p
40.394253722046905,39.2998617456335,p
41.395066181632856,41.610658509597414,p
42.518705491208244,43.82213014114105,p
41.99045107963395,44.33520762858658,p
43.12794907691031,46.57795667157398,p
44.11770407829627,48.809860411539674,p
44.91940194747184,51.07664997425193,p
44.10431168007083,51.750950363167966,p
43.50242904649267,52.29019540030786,p
43.43157544721892,52.20605404620683,p
42.075879834777034,51.86385847834397,p
40.63420906018848,51.46197430426205,p
39.06041588222386,51.021313721537915,p
37.69258760424849,50.569793870152374,p
36.23448685949895,50.072113568289716,p
34.989748092063955,49.39412481434881,p
33.68775318260135,48.62650681768146,p
32.36611657711581,47.81587508058865,p
30.93758853838276,47.056491028624166,p
29.403880894264905,46.40026927119969,p
28.58733436054833,46.43317455279404,p
27.912961250625447,46.6614103872717,p
27.075205127209504,47.033495586341196,p
26.374210958774007,47.16115955271275,p
25.82341412375186,47.470441957474144,p
24.913850784803547,47.747825361182024,p
24.00229967899564,47.76101696064861,p
23.284421667609816,48.054987978495944,p
22.74857328226677,48.315991474890446,p
22.26427444029458,48.4019979432999,p
21.885462696957294,48.46787472045062,p
21.51095685669274,48.539926513136464,p
21.013793688190713,48.67433977265427,p
20.61668734474174,48.80390360324287,p
20.232949629117343,49.01110914244322,p
19.81488658905133,49.185346050659064,p
19.238475465463893,49.46179221514512,p
18.76056249888261,49.713526401107096,p
18.21514633808318,49.92065610218881,p
17.48043100908351,50.23137639341781,p
16.906355080057573,50.44289708008366,p
16.3385736422733,50.64491594658824,p
15.538529624903372,50.91313507985081,p
14.816713153856837,51.185888937195294,p
14.177736455070962,51.38206357437487,p
13.563111941916628,51.56294928505222,p
12.803887179284594,51.742014760378744,p
12.148678028946643,51.91513417890016,p
11.502320868301782,52.12866680420939,p
10.725948102199519,52.32026911687085,p
10.181201842628305,52.535098113900624,p
9.629188237792683,52.6737176384295,p
8.806765840416224,52.89454721739964,p
8.25384899526969,53.09911412055661,p
7.352316806105733,52.30808405109702,p
6.647349885293076,52.30654914733666,p
5.928640882171662,51.642558049229635,p
5.215384037242551,51.5234497146973,p
4.355448244628363,50.8361696827855,p
3.6203297348429957,50.768718056705964,p
2.9073747544111814,50.03801165515558,p
2.216939132257272,49.848038116236424,p
1.5299594652624553,49.13825881324504,p
0.9415075417392547,48.86722074713118,p
0.2553861404255271,50.44070408270192,p
-0.4521748405237018,49.23423891292972,p
-1.0398560149048561,50.279587053979945,p
-1.6580299664048532,49.52698851068349,p
-2.3842886143280735,50.22296734756896,p
-3.2569307439467297,53.72541996253125,p
-4.2632642385175865,57.77143642783106,p
-4.508170829274855,61.37311947354784,p
-5.768476767261172,65.42959290923454,p
-6.610284764507766,65.35416735080061,p
-7.845002989315919,68.7657807644079,p
-8.148257512915295,71.53925091818937,p
-10.02262554508628,76.03983284380189,p
-11.472923759085967,78.96261951451018,p
-12.489036073893535,78.8123918854126,p
-21.7463023732473,75.37816535701323,p
-22.334771619669837,73.30960666172635,p
-21.773114804441036,71.44224445210898,p
-22.120475308278152,69.38930842787589,p
-22.348065015314504,67.16271738894986,p
-22.537773984054418,64.94722630820918,p
-23.360706155627582,64.65928140245298,p
-24.218348532192707,64.12245886687676,p
-25.09451948846078,63.61661759952175,p
-26.056754643533235,62.83282255640549,p
-25.946618705831916,62.5645501664235,p
-26.890238988972925,62.049075186648196,p
-27.582850143080297,61.58310604838221,p
-28.31990746996203,61.25069899455371,p
-28.971111983677954,60.62731081569858,p
-29.69655849742099,60.2782549532451,p
-30.66375335450411,59.68374198717719,p
-30.641046054364157,59.63919562346079,p
-31.441700478402108,59.1111676152119,p
-31.944249614942205,58.84311309611791,p
-32.02749069352338,58.752701300284215,p
-31.93401648363091,58.848626525855714,p
-31.83792645855709,58.86623797285082,p
-31.699388521100754,58.80434105349223,p
-31.553939949424244,58.80263711575547,p
-31.361269213032447,58.85960408446231,p
-31.370618553263185,58.87728429479052,p
-31.156370127126166,58.9674980468106,p
-30.962815880562573,59.14747344498802,p
-30.729407122237884,59.30186887451712,p
-30.357552038918403,59.491583819343305,p
-29.90294150523512,59.697209070480795,p
-29.430478495150115,59.91849398464677,p
-28.990828941204818,60.208222077431785,p
-29.04252807707763,60.31651427174884,p
-28.536012645932338,60.632968034602676,p
-28.05419254094465,60.86641016702674,p
-27.566358919042504,61.08688052746154,p
-27.1395611655549,61.417852318663215,p
-26.604446515607844,61.64930622954953,p
-26.050421175389882,61.926464724121075,p
-25.399862352556937,62.247319352773566,p
-24.716384151412747,62.615591849455534,p
-24.118566994307024,62.98477113938684,p
-23.494376907442234,63.32411926544112,p
-22.886793845261494,63.68160752746246,p
-22.920256779452437,63.77584251053846,p
-22.310037946675912,64.1372938692816,p
-21.46022480990432,64.4229573883323,p
-20.535848325919986,64.86621840818215,p
-19.716472267371884,65.26246386351788,p
-19.016147780529657,65.57088739068139,p
-18.3535658667999,66.02609908715661,p
-18.393146824294707,66.17078269992527,p
-17.50397565150205,66.59354368057936,p
-16.781542323598078,67.01294174833355,p
-16.054262092472925,67.38279950054225,p
-15.326524203521803,67.54880547673501,p
-14.515778028917026,68.14290363150889,p
-13.842307426406844,68.86087550533776,p
-13.171327410876232,70.00634122799696,p
-13.527288302845387,71.94391492811485,p
-12.850677791409817,72.06492502844176,p
-12.24717594555574,74.16335243363224,p
-11.829335983836085,76.12117379875967,p
-11.382634987927794,78.12702961366011,p
1.66245892087574,79.69888637190267,p
2.3428505038003804,75.06594098111805,p
3.141136334507184,72.35995131235826,p
3.617229430121257,69.01008100865371,p
3.9994522872838965,64.33703700649724,p
4.411149135000919,61.248964035849276,p
4.652490192058671,56.48245566548575,p
4.948042314215638,53.00922841437442,p
5.562404975419694,52.67226659900715,p
5.917013970230158,51.2510695431778,p
6.441494405946454,50.84090754577255,p
7.09445262049681,50.93096160491445,p
7.529226331477396,50.014968415579474,p
7.868148101853471,49.00717923607951,p
8.572021549638084,49.79812115527143,p
8.925000786683594,48.60356416000631,p
9.701895651627577,49.53045121228017,p
10.189298495179596,48.67156121018688,p
10.769291771764161,48.49046784233441,p
11.346020815992357,48.63180932387201,p
12.015456648262697,48.54776920408109,p
12.544133679919714,48.50258943378368,p
13.094124820471269,48.3316026393682,p
13.675495048623867,48.39454670357314,p
14.209210888532061,48.16281682892856,p
15.09431277874521,48.6938556025365,p
15.684151861814,48.63894618760483,p
16.492132962406192,49.12602234153368,p
16.48236591777248,49.0976567842657,p
17.53403390053114,49.61708461890843,p
18.08279662467101,49.3829365873346,p
18.927951065416046,49.991891411391286,p
19.537240972079495,49.859362575841025,p
20.26258898912381,50.223041383871035,p
21.1634009231817,50.19076950668969,p
21.75555270948415,49.90980301612437,p
22.335152187557018,49.64792112206403,p
23.07470825603001,49.43473049945754,p
23.653322638391106,49.18858186952014,p
24.397587479137883,48.95136399759401,p
24.882733268285918,48.7470572232447,p
25.44211009792512,48.497470320510786,p
26.0493364901293,48.2138196221883,p
26.62849530918688,47.93666568397618,p
27.345829293989812,47.62823057990337,p
27.862306987973053,47.4276233067185,p
28.40659779700876,47.250537794818364,p
29.06173916550626,47.009126687242016,p
29.178809444198084,47.19539141779243,p
29.937799168678346,46.81708716708656,p
30.49139133297205,46.66880314236158,p
31.05309930343679,46.66562386159181,p
31.613544600470686,46.512844130399735,p
32.33614409674105,46.27559444118049,p
32.78477118749576,45.95393501978359,p
33.460329020399534,45.85571957697546,p
34.25098298916169,45.699822638601084,p
35.591900725104175,46.33328031138118,p
36.85583433869731,46.954373449626395,p
37.62809118650257,47.92453805474136,p
38.93746556724344,48.48805908639769,p
39.5493109473378,47.98360299449165,p
41.083016275932124,48.28218972734237,p
42.36568843031048,48.71639712790816,p
43.72312809331419,49.12762046341089,p
45.188434739316875,49.37363752460209,p
45.92236964156337,50.16593769452787,p
47.24573654035422,50.28169235882652,p
47.79671433547371,49.724192990123356,p
48.346729527364936,49.18331704030001,p
49.06191866724341,48.43293773193767,p
49.83808431669583,47.85724317662489,p
48.58374507880269,45.701848837438604,p
47.342081128768385,43.595140080025594,p
45.88777141981172,41.30903735523098,p
44.393427099119684,39.17738902329221,p
42.960840420653895,37.00921900972764,p
41.360161722322644,34.90391228322775,p
39.63712460492467,32.780189566975565,p
37.94535975729818,30.751922113852327,p
36.145631255941915,28.625036930357147,p
34.24040263102987,26.460003314653385,p
33.98238527313479,25.637161515806593,p
34.031215533964115,25.147592747372027,p
34.18368288568353,24.5387446754046,p
34.26379225446213,24.003408376624005,p
34.30367300156976,23.517879838238997,p
34.48618639142086,23.06232269112983,p
34.54794445960932,22.61811251598938,p
34.71810881553323,22.14404943762086,p
34.88995964147633,21.598180127157715,p
35.078634163819785,21.16649109806631,p
35.2202400197472,20.72572496194993,p
35.39832642911795,20.291506518509753,p
35.583347847857,19.85441756874785,p
35.6853748091592,19.455181773593928,p
35.88879171184955,18.9824512336953,p
36.24470217157528,18.165430132394143,p
36.39167981591032,17.746865990776516,p
36.58223502149434,17.341823821530465,p
36.69538416287458,16.901853407466607,p
36.80398002778454,16.484931911997048,p
36.93732778487582,15.9725919478983,p
37.098811790801065,15.611212007348495,p
37.311641954830904,15.110245496067538,p
37.45522706783538,14.65813164914396,p
37.62847761047963,14.22516489627794,p
37.73297586998441,13.849849628994697,p
37.889280427026776,13.343702276295847,p
37.98285693646713,12.973257972463504,p
38.18657862937877,12.542430336388781,p
38.37202227842002,12.015766621445271,p
38.527879471156716,11.634467671125664,p
38.656882659365515,11.25939570840231,p
38.785217773586645,10.795691550010009,p
39.043073508819965,9.875513449191685,p
39.224614548735865,9.372580469610812,p
39.35374333826365,8.936408083463927,p
39.50560689057158,8.56229488932794,p
39.608462264290296,8.003103638401933,p
39.741261825355146,7.514531454787005,p
39.85226686638062,7.057278861072213,p
40.00632171524789,6.613302185701818,p
40.12620912952037,6.090259099931818,p
40.26098385665146,5.705100304222635,p
40.40005502660522,5.253864282277056,p
40.68120057352729,4.744178787619375,p
40.85141394553311,4.370325037769835,p
41.01755329496958,4.000884067727643,p
41.18974504059647,3.51273761534561,p
41.36613776018044,3.021663033946902,p
41.53751165874194,2.512195844132567,p
41.778077107797124,2.1052459435926125,p
42.02668819690356,1.6349181585464572,p
42.26812781266556,1.2410138821079646,p
42.41621840834533,0.8189729153276863,p
42.56047599342165,0.25179246012976647,p
42.797629548158866,-0.28269489954374355,p
42.97718263727772,-0.8596681084768183,p
43.16343587579967,-1.3203666364788662,p
43.331224839746895,-1.8608662419099702,p
43.586183177407335,-2.3420514240154224,p
43.711277109473244,-2.8898676169230164,p
43.82082682446981,-3.424877509777768,p
43.96295537682056,-3.9744146000260328,p
44.22482985762792,-4.6594646273358595,p
44.48530497721341,-5.195383243885672,p
44.624495207402326,-5.690623124831257,p
44.99328114834095,-6.3115713171353045,p
45.211710457325815,-7.32009469265859,p
45.44405284740514,-7.8602938357312775,p
45.752441643890705,-8.45504626776884,p
50.70562485706974,-9.386483896749684,p
50.58094934168574,-10.027286687103278,p
55.44489053156261,-11.73675099605863,p
60.363324161813274,-12.790273954906395,p
65.08236964706599,-14.699456947950162,p
61.87096613492337,-14.815382107420161,p
58.53151503840206,-14.859921884419169,p
54.812992021045346,-15.363876454037564,p
51.40913386459097,-15.14674490054353,p
47.921515024848965,-14.792680868758028,p
36.461448330275836,-11.696556920222807,p
28.237813496035315,-9.858447063792438,p
-0.3235466566489641,0.17949250951300652,o
30.340085620395726,-12.729208260827251,p
30.502060892457052,-12.337488725133722,p
37.65115627831006,-14.656775114172353,p
45.57841118006689,-17.13795149231245,p
52.848248367006995,-19.88064492676381,p
60.347675341963566,-21.771207278764233,p
63.700144056229185,-22.040766883701096,p
65.44505305907644,-21.59686373832343,p
68.88192612730896,-21.760483259590714,p
71.97886756326086,-21.594827180722636,p
72.27221191195451,-20.59587602750788,p
68.18305900274571,-18.394827963338603,p
64.2857130163282,-16.349260150921065,p
60.3554332701082,-14.545146536935668,p
55.689032254662585,-12.546253193749177,p
51.36593989171054,-10.882902365330398,p
47.11538965065912,-9.265306166539679,p
47.12583922761263,-8.68327676461551,p
46.92676207563438,-7.98205297549831,p
46.808940956551005,-7.2855601622068225,p
46.75568997128537,-6.705409707001454,p
46.459644948803486,-6.079339906163539,p
46.367632063374266,-5.371564122773326,p
46.14306695681658,-4.679748099563475,p
46.03487209892445,-4.039454098693655,p
45.953421888577964,-2.756334846459632,p
45.77016985320658,-2.0990592913180492,p
45.293716780782155,-1.5490260700832803,p
45.08004793045598,-1.0411624662333927,p
44.852266820517826,-0.4355495022514646,p
44.57644718855621,0.15598292556284774,p
44.341878660576164,0.8187743185650618,p
44.16906110830451,1.7409835514347616,p
43.86587574368588,2.2943324383928694,p
43.605766577323664,2.843237766011301,p
43.33888115623781,3.385860779760722,p
43.03740063357928,3.896837004451239,p
42.89070342714894,4.401457655623585,p
42.71731214803817,4.817226153760598,p
42.56537952268321,5.354433203259721,p
42.44740390520506,5.88635574910784,p
42.283261439165514,6.410343485618776,p
42.126124094146185,6.910454784632821,p
41.98053712077563,7.365075001742915,p
41.804168221531825,7.903774944969711,p
41.6642332991529,8.478066747486864,p
41.57870781468067,8.948595668897989,p
41.39994933771296,9.628211047413506,p
41.29980178345923,10.103250095898433,p
41.19787167312756,10.562739587556441,p
41.03715790784981,11.107462034006124,p
40.720671876571494,12.135019473944244,p
40.61585994612859,12.695925188693368,p
40.507941715920495,13.24189876872592,p
40.387958583454015,13.706626022754731,p
40.205312185787534,14.213868196726773,p
40.03871683036293,14.774494606293484,p
39.87525708941435,15.417480479894339,p
39.731558768411816,15.901115497845554,p
39.59357656387324,16.4612422249965,p
39.62454603077398,17.01316087493668,p
39.44046341011448,17.54369716766926,p
39.292732940708504,18.00037887534786,p
39.07713583428688,18.661284069003724,p
38.95973215674394,19.18669129495312,p
38.7332907545254,19.84866512650659,p
38.54173599270156,20.420100321189338,p
38.2799306394114,21.104588462759,p
37.77773080515731,22.186142772068944,p
37.59912092399975,22.669476581708686,p
37.309789105035165,23.32262193161897,p
37.47163459608812,23.422151007902354,p
37.026080352010624,24.536698061751686,p
36.84166172800777,25.087621418064945,p
36.66703971718634,25.611924947638737,p
36.47248811538187,26.1362397066388,p
36.41184173756788,26.771478887481052,p
36.25671598375059,27.45551284165436,p
36.27330721494101,28.180147621518685,p
37.65681997288419,30.293154702714357,p
39.21081030418175,32.23950841240388,p
40.63044979557024,34.119826547227134,p
41.91985637934222,36.067927971912454,p
43.17179570242705,38.22997598957891,p
44.343478695907756,40.28507499068456,p
45.99533270694683,41.76823996000325,p
46.9913083060016,43.779264296339385,p
48.037977595575086,45.89672637160864,p
48.83937968821895,47.82168256422284,p
48.118767313321634,48.554215425874915,p
47.32560252602679,49.34960011735854,p
46.654423680330595,49.83993857091954,p
46.05858310115084,50.47854259130502,p
45.43630853944967,51.1259943760012,p
44.67060978483488,51.83000931350324,p
43.2803909009574,51.3777261652981,p
41.78402787397924,50.89831117820433,p
40.17379093115683,50.36839315795609,p
38.61643403637018,49.71673106423359,p
37.049565650843746,49.00848570465821,p
35.25094604140272,48.39631394432212,p
33.70324674531111,47.77778481901005,p
32.18349291076447,46.91617273567602,p
30.51622498446689,46.177893406977105,p
28.95322086544976,45.24453975742994,p
28.266586247956848,45.352226547835016,p
27.63391245755848,45.570423100077235,p
27.57098064188215,45.46824880499436,p
26.790884693957917,45.71857037164397,p
26.189441023693412,45.99047791980529,p
24.990027252783765,46.55008530205434,p
24.903779982223515,46.39209350378333,p
24.185071293212317,46.664222757065666,p
22.956561761247514,47.1799079550278,p
22.376291518281548,47.45179885087916,p
22.371962792466345,47.44278429970804,p
21.56850933978945,47.77623593013796,p
20.948779776215385,47.957919944221025,p
20.340209993302313,48.13715676781059,p
19.70832674072571,48.3503649138151,p
18.88997693509454,48.6825791245885,p
18.203097584021037,49.002559324079755,p
17.615562513208864,49.30665772583627,p
17.022648747761867,49.51912672980285,p
16.24466392118622,49.754156383799746,p
15.883920896754603,49.88378201761654,p
15.350706716402579,49.20477865041566,p
14.990559568262368,49.28704539633614,p
14.402883384861596,48.589122318389826,p
14.047629785369516,48.695771093843575,p
13.511317879443432,48.26897289002838,p
13.160093149000458,48.47246360874759,p
12.503750005128923,47.88505256649946,p
11.918815567765025,47.21229560656689,p
11.486909114737399,47.198887810517526,p
11.072586084989382,47.39361178049971,p
10.60216515489558,47.27886959043708,p
10.241600216779657,47.4840226471529,p
9.753654408586538,47.42677940189252,p
9.291083877596236,47.56389268182668,p
8.730157774424162,47.776056840090135,p
8.230832131406743,47.53302462223361,p
7.359863090271876,46.1924006403943,p
6.973465341392994,47.20673690997126,p
6.468639065761167,47.66619710261241,p
5.837486778895554,47.35891670063791,p
5.232975860322739,46.36645449575309,p
4.700900607758022,47.272215192398875,p
4.11696440077127,47.33086005647741,p
3.756039808505534,51.1063525567742,p
3.333345614460153,54.947541944539466,p
2.846335246569251,57.96261070782114,p
3.0851582135302227,62.3160649214832,p
2.5349811307934838,66.98836706138988,p
1.8376457278773337,70.11610772269778,p
0.9952786702381459,70.13706250559821,p
0.03285513932304407,73.1086216539079,p
0.054113164998050745,77.45856971064886,p
-14.682636171990536,77.578813877923,p
-15.249346769715032,75.69863505618656,p
-15.770505547233357,73.73502976560675,p
-16.287422523281133,71.83270435179374,p
-15.867721114445827,69.94889153534365,p
-16.219837167736596,67.84741731873932,p
-16.69726264760019,65.70470158699455,p
-17.08465392626474,63.93301541685071,p
-17.808646273980933,63.57230670301587,p
-18.498379154970188,63.02415706950542,p
-19.23200681275628,62.80733403806085,p
-20.049592663524017,62.43926450503712,p
-20.860972841816327,61.88131602947716,p
-21.634105365309154,61.375081300901776,p
-21.571620702428824,61.19564979055666,p
-22.50360659059366,60.75659248406297,p
-23.473393790733585,60.392652845676345,p
-24.39391665456926,59.96594405301255,p
-25.19154457706565,59.541031231400524,p
-25.967099279231533,59.15562589322034,p
-26.773564034058214,58.73253752627323,p
-26.68299588117059,58.53204460948432,p
-27.339868437260357,58.142591610979814,p
-28.238453694376993,57.5150910942928,p
-28.952815003997518,57.2512674415712,p
-29.540226161326007,56.76153947426132,p
-30.26855091598942,56.37948467951319,p
-30.934088572184745,55.88288848890754,p
-31.66934243116745,55.38050234866521,p
-32.42183692636591,54.91158786279721,p
-32.84338900457895,54.73203556357951,p
-32.901049694464426,54.569439152446236,p
-32.97812580575263,54.6981219915068,p
-32.951792661103134,54.783793280357244,p
-32.95872914502057,55.01252054874028,p
-32.81506493834101,55.09777124938678,p
-32.54934867007129,55.17299471287978,p
-32.24354665664895,55.46655428711158,p
-31.88149251271547,55.731523555601456,p
-31.488043003025556,55.96465332739252,p
-31.02601278452419,55.95787070094732,p
-30.94403666952908,55.80894146751644,p
-30.607051162891846,56.14096367334471,p
-29.98293751985726,56.07832016827018,p
-29.508992433933383,56.3159570827402,p
-28.76119744704263,56.45206591364676,p
-28.249319606216456,56.70783677298144,p
-27.675667246104872,56.98762572351557,p
-26.995313328873078,57.29917793041177,p
-26.377034836652534,57.375106446723386,p
-25.853067315380546,57.654666932348796,p
-25.40163159223028,58.10378841342339,p
-24.914377918414434,58.50771053351386,p
-24.367361194134187,58.746130474202545,p
-24.488890504701164,59.04215518038957,p
-23.81663501345648,59.33519637194063,p
-23.284552379870085,59.71526592498319,p
-22.638981590350546,59.96023743394274,p
-21.7101751043048,60.37306794445389,p
-20.934755658901615,60.75917692157857,p
-20.088030436064855,61.33501622514482,p
-20.10033134397176,61.37307785496629,p
-19.23825637360898,61.7391688920537,p
-18.435379162634305,62.157282267418466,p
-17.665989519982478,62.37695689136712,p
-16.744223250731736,62.771388791639986,p
-15.94492357289053,63.161114299053445,p
-15.274479076503864,63.426387451295966,p
-14.63751108243556,63.79910051221383,p
-13.957284218722904,64.10171712731315,p
-13.323536838999045,64.47848360003324,p
-13.386951425254413,64.79213721510897,p
-12.839774028149876,65.17533970289061,p
-12.194623608833732,65.63167300791433,p
-11.439897702191814,65.76407255263182,p
-10.592101562197767,66.0539616166848,p
-9.78143283973367,66.46817924373497,p
-9.05361800068519,66.94111887023041,p
-8.385395639655881,67.48841235655253,p
-12.229794372090462,19.526231833520384,o
-13.838379527937796,64.2473113575702,p
-13.881881113927905,64.15566393160387,p
-13.847936877720926,63.866715759967015,p
-13.911118092362313,63.69424232242119,p
-13.90274951275915,63.47440154623209,p
-13.824231837633935,63.21714815680744,p
-13.899664067397579,62.994168697382406,p
-13.81426833656195,62.73719158050948,p
-13.872206485632864,62.47483928998268,p
-13.79521360803454,62.21754081574458,p
-13.852335515436446,61.95521909739636,p
-14.511180984325742,61.92489779278747,p
-14.55355750533683,61.351729139596316,p
-14.4732540818013,61.35611336013846,p
-14.549177904556418,61.01144558528169,p
-13.013729785012066,60.72877478014405,p
-13.043915805873175,60.43813237958468,p
-13.718628256837839,60.12894447274719,p
-13.78539403570824,59.83622699212283,p
-13.84728154568397,59.62362121541482,p
-13.912014899607371,59.330700603958725,p
-13.986514064802268,59.12728656595445,p
-14.065647220733695,58.89344845240428,p
-14.275574744467068,58.69283983916721,p
-14.572321718057093,58.49588881986552,p
-14.928894306980066,58.22221301427711,p
-15.24518078275075,58.09854761562511,p
-15.56953987157289,57.93129139601406,p
-15.931162768396543,57.68714733609745,p
-16.270526985479414,57.46163719509646,p
-16.67411567763537,57.24530404020489,p
-17.439283169649553,56.925146610129964,p
-17.930174726292197,56.691614433695925,p
-18.30124980841617,56.56186776548071,p
-18.65474180904278,56.07581665239897,p
-19.069789400349684,55.45086638995518,p
-19.460435500808067,54.782407588523895,p
-19.8300755384347,54.15191920853885,p
-20.23118001919194,53.50690174637464,p
-20.556290436468974,52.87239148182005,p
-20.809979619162156,52.20871217277758,p
-20.94309599100726,51.11659863888974,p
-21.16441089832113,50.42021551204921,p
-21.466806481549142,50.10140488764575,p
-22.10525491626836,49.7223934942412,p
-22.444405657464316,49.51429806475166,p
-22.769931002615067,49.27415814460757,p
-23.061798874674494,48.96675795748766,p
-23.408418880515974,48.81549358761089,p
-23.724423526170398,48.61767216586171,p
-24.423957746829362,48.30973369813332,p
-24.77665701685195,48.135912673639666,p
-25.10047794398659,47.92584282367522,p
-25.40204846989383,47.709982861069975,p
-25.792041437124176,47.668780661709064,p
-26.206063482447817,47.64426700233811,p
-26.614350179505486,47.527570269805224,p
-27.108745667836626,47.415457501129254,p
-27.622499514655637,47.30684068923209,p
-28.42506511070166,47.00937586223522,p
-28.878260610877454,46.85439627784356,p
-29.437670749415638,46.68339461947234,p
-29.932241640963618,46.65067580372492,p
-30.392959399577613,46.52532508096607,p
-30.81271209836988,46.32338221893133,p
-31.330246564237996,46.313966453220615,p
-35.69196106269574,51.48948001298819,p
-36.30493112591023,51.244053169243884,p
-36.765248951134026,50.95278698357923,p
-37.18866457946244,50.668853720117525,p
-37.584384710977815,50.360484682376644,p
-37.892036043629545,49.882645528018664,p
-38.2517616248725,49.48219318172518,p
-38.59355156571712,49.07470567965157,p
-39.135069078913524,48.117380690297495,p
-34.8519584282163,42.94398777677269,p
-34.997630560996484,42.493626881177434,p
-35.27868301704469,42.097371198481554,p
-35.58586719936144,41.72132728470541,p
-35.91990619417518,41.37918362171417,p
-36.38706265843335,41.10257278701971,p
-36.81441441760851,40.88978390749703,p
-37.240677243101835,40.68452425073946,p
-37.742600838387816,40.52000010444439,p
-38.32309796089014,40.311541737939265,p
-40.94662887473399,41.66513461003083,p
-43.57484352456475,42.93269020784457,p
-46.21659830578199,44.21909028232719,p
-46.642371752670996,43.62217792462784,p
-49.251898579783756,44.610932350662274,p
-51.94192070422917,45.53292178399765,p
-54.62434551733299,46.503343116854914,p
-57.36819423888075,47.111279549008316,p
-59.64552929864499,47.53431961856415,p
-62.263820621490254,48.20418708270738,p
-64.87899818312226,48.75823036363179,p
-64.31071551163154,48.442707297464864,p
-64.75652178443279,47.56111202497983,p
-65.2063583744986,46.63570926298689,p
-64.95156217997284,45.674610353263006,p
-65.38666984201133,44.77834244383029,p
-65.7670730980425,43.91329165260728,p
-66.04006342986416,43.180900377594355,p
-65.82281408407913,41.98865240990516,p
-65.7674343257929,41.12424119058206,p
-65.34068483437807,40.13725350404627,p
-64.86723930573953,38.87218207787543,p
-64.85541997416767,38.04831675908952,p
-64.3316831962942,37.05033183752388,p
-63.67334546194821,36.042949160677,p
-63.76230292424163,35.084813463041314,p
-63.094668493156504,34.13071678329201,p
-62.38431080916376,33.21873273596126,p
-62.309810468109475,32.4871302523213,p
-62.37537888390502,31.648461577608874,p
-62.161538438225634,31.59676763413728,p
-62.30988430657146,30.784717173666944,p
-62.37468788788928,30.11170084954409,p
-62.33871457092952,29.438976988439826,p
-62.3937202536104,28.778293233736747,p
-62.44152908747666,28.109080828561606,p
-62.55804332199655,27.20056943596379,p
-62.67766230579535,26.517477855759186,p
-62.83431007595124,25.86523730580923,p
-62.90775438634797,25.067420225311164,p
-63.064819879701226,24.206261923227384,p
-63.061209639193216,23.544604880333367,p
-63.13821465617957,22.898641087828743,p
-63.178468147972275,22.22308935270325,p
-63.338328987987154,21.31991224420949,p
-63.477790267785636,20.63551839469852,p
-63.51806873002398,19.946961420475375,p
-63.51913739154829,19.266630923676246,p
-63.54678497774213,18.370647488066357,p
-63.60656975379774,17.67824607123858,p
-62.90615173210356,16.985679783227653,p
-63.084218705881504,16.40693292531656,p
-63.256426501143544,15.698476150840483,p
-63.298407590707235,14.986447265138242,p
-62.5687864717576,14.199856481590194,p
-62.58516810438263,13.539543576964896,p
-61.805447813090545,13.025879081718646,p
-61.68642176648636,12.381799961643601,p
-60.98428045374559,11.882764890195773,p
-60.68576541987464,11.295717279964144,p
-60.83427585284536,10.640711027908944,p
-60.34422043254217,10.095277222595486,p
-59.52866659705508,9.644982608525078,p
-59.14876425281932,9.11595492407854,p
-63.93242951323487,8.054565892529123,p
-67.8169934435565,6.252731941283777,p
-72.53114496549202,4.357200334717639,p
-72.3385477926439,3.6111395552108743,p
-76.26176213850266,1.503537696373467,p
-80.96886259517366,0.17865834684477733,p
-84.90249788341167,-1.986607689787622,p
-84.59111536640748,-3.011809872835027,p
-81.82787159281243,-19.370818789610723,p
-81.17585786840286,-20.215644422671396,p
-80.55023728420008,-21.281775717610692,p
-79.91023762421274,-22.029682320739987,p
-79.11433103435373,-22.870877212667693,p
-78.26279343464044,-23.438072359673214,p
-78.00295299659284,-23.269007440913498,p
-77.24993172692764,-24.29739008843066,p
-76.64732931702646,-25.178457983298053,p
-75.845839038557,-25.93446504844716,p
-75.1889018888436,-26.603512157682495,p
-74.2483478301335,-27.49725088492422,p
-74.21647397508633,-27.473083606127645,p
-73.56855143283772,-28.396857405828825,p
-72.73188444987953,-29.25794076599285,p
-72.02752779033516,-30.118802943791856,p
-71.22247543874349,-30.965213784209347,p
-70.66845327924216,-31.650965678004027,p
-70.6534072805534,-31.637789262578814,p
-69.63428158479466,-32.689521037107454,p
-69.01977505914792,-33.357206912117555,p
-68.07435953150095,-34.383404987333435,p
-67.26354628594342,-35.23922945627875,p
-66.43688873177473,-36.09948003680344,p
-66.4648053504742,-36.12812724260765,p
-65.65102798060767,-36.827067091602295,p
-64.83907310977477,-37.58581847725587,p
-64.22462703301991,-38.199615726839816,p
-63.41520981418241,-39.024824058072674,p
-62.70135958129144,-39.69384251068635,p
-62.8181168327714,-39.83083792749597,p
-62.24156519285006,-40.499759864841565,p
-61.68365883964023,-41.21834972916072,p
-60.895013261990655,-41.85198393069112,p
-60.33972252276011,-42.54143860236277,p
-59.53776941323757,-43.3676907465366,p
-59.69406005505076,-43.57547244756347,p
-59.07925781193708,-44.36837416259227,p
-58.509277101113696,-45.16396122797883,p
-57.783808589976736,-45.676861564236575,p
-57.30246816636473,-46.35006494335482,p
-35.622270116010945,-49.98310335658262,p
-32.057554301687475,-40.008820330513764,p
-28.430427778729275,-30.127694267279516,p
-25.795328113495614,-22.49854531414333,p
-23.27527193869228,-15.062979278121006,p
-0.056678356599635146,0.23321141458591935,o
16.836615578421142,-25.592284128094185,p
17.936608951725255,-26.253049398146306,p
18.984796498866196,-26.89024403136828,p
19.949646203072508,-27.45528037556146,p
20.223316465880448,-27.0937479845163,p
20.445868814507353,-26.651015550244836,p
20.796015969770014,-26.380342262647627,p
21.172560758180488,-26.02954370759214,p
21.631054036791184,-25.769516589080663,p
21.96708549494582,-25.49868952202114,p
22.295292078450878,-25.22742128907304,p
22.606967856578052,-24.963836831665397,p
23.002416631795843,-24.6160971938272,p
23.474158770645328,-24.2531379272631,p
24.121303954971886,-23.642834559178965,p
24.47500068154032,-23.365905593677006,p
24.891408891482687,-23.071992782375585,p
25.290257186418973,-22.741926421302246,p
25.59548360528678,-22.445946124466268,p
25.874771058866372,-22.11075491221308,p
26.234059397709032,-21.718089420083736,p
26.172351500990153,-21.021801940612505,p
26.052378815313872,-20.29046353883682,p
25.25434985525867,-19.08355464131776,p
24.8577312952044,-18.330653799913296,p
24.460971638563393,-17.416970984320965,p
32.14328500467332,2.8975048542580217,p
34.87177424410468,3.596438870520579,p
37.48450297865608,4.3844285798819715,p
40.128060606321704,5.195756576281868,p
42.75682069868937,5.998998320357595,p
45.16510123098656,7.032001816692207,p
47.52814350961744,8.034052905116843,p
49.827528777302646,9.065055990999884,p
52.028161470858024,10.253743343983704,p
54.17851352031526,11.385828240883848,p
54.02431814358562,12.064332136941449,p
53.81733015521017,12.621496480302033,p
53.68941896167015,13.335097654935943,p
53.51576311460061,14.068037572323638,p
53.32500427084859,14.786728510545665,p
52.595133207419316,15.569845302993151,p
52.35838531773434,16.258104550439125,p
51.72623802780076,16.73933363412,p
51.04251144083829,17.350597372886217,p
50.19477949954196,17.88026735410245,p
49.42385026818261,18.428696761564304,p
48.56419025537463,18.897014226905156,p
47.7714782663037,19.411541218169653,p
46.90559640950495,19.733653686311378,p
45.99658945216078,20.00973598627424,p
45.58142363858174,20.48582967192297,p
44.73972968416763,20.770987015781934,p
44.33011188397392,21.22422978291013,p
43.95202341927684,21.68818212074086,p
43.49770385385652,22.11021738582204,p
43.12732579106193,22.550780407976514,p
42.7291689717929,22.94454929661051,p
42.38975833765311,23.385371399364747,p
42.089483202428816,23.845859843770494,p
41.80652581708489,24.36399126755385,p
41.52149870088437,24.87147621908282,p
41.19199706995549,25.34239052412089,p
40.82772035910166,25.78061914326873,p
40.5009341958467,26.240757704954177,p
40.16898086278012,26.69674935580475,p
39.485758826656244,27.65455459117489,p
39.20643410264908,28.156685410713056,p
39.22273261342502,28.1682767241195,p
38.559629131658276,29.111389957775167,p
38.131988082593935,29.494070178402314,p
37.77148478258846,29.926277499363554,p
37.398304238007015,30.34779058876189,p
37.220505266861124,30.9621502362047,p
37.00381505497264,31.51850872963166,p
36.726233119551075,32.02820824329562,p
36.376249834744996,32.489022416703435,p
36.074050461517366,33.006048262678426,p
35.68307882313021,33.54941403033955,p
35.291015790940946,34.225300471481575,p
34.94592039461298,34.822836747358885,p
35.01704943088856,34.8931265773381,p
34.4262815735441,35.29883381682058,p
33.98072838778304,35.68990954226629,p
33.32482582991036,35.98042498775851,p
32.86434772612012,36.540044678599536,p
32.51465518467677,37.334493486003915,p
31.759700260555576,37.36713191444464,p
31.489103456026346,38.01511250267564,p
30.75502163329325,37.99862871312553,p
30.538932114124126,38.72473671462747,p
29.66530767084074,38.64738128176695,p
29.469999774309418,39.3879924579489,p
29.032340934682065,39.31603829125185,p
28.600853015653524,39.63351973378979,p
31.14414549098952,43.92674287213363,p
33.22506884821271,48.172912112389255,p
35.8483731172692,51.95157255121543,p
35.23205298555932,52.374049922045,p
37.44315012845686,57.12629063861233,p
39.3359972315135,61.311845240250975,p
42.11646539011312,65.62298161237071,p
41.417915700406645,66.06826399151139,p
-1.3917607004079013,39.26534225182304,o
19.629231113565602,78.85006535502106,p
20.310034105477452,78.48095779210556,p
20.2971587931881,78.52235781847446,p
20.26814351627359,78.469840071897,p
20.2628923302012,78.54127002092778,p
20.291861765693653,78.59381306811052,p
20.357221582579147,78.61484503971498,p
20.391828207508723,78.7099724857458,p
20.45734015616004,78.73088281266575,p
20.43667305336079,78.74231756474857,p
20.461852282415336,78.6254743603028,p
20.39558363346249,78.57075189066748,p
20.979703969838642,78.04511105603217,p
20.76124533960564,77.74396389282161,p
19.291059418488253,78.18045309490537,p
19.04765972022943,77.75490567969831,p
18.823684793152562,77.28506560032844,p
18.598338443015333,76.86125075575615,p
18.986489772507483,76.05896272688807,p
18.714308156233297,75.67240331327105,p
18.48503612370106,75.3763010872388,p
18.269612868031622,75.11813139579715,p
18.06888526396205,74.8404144042369,p
17.848691482108006,74.6871025103466,p
17.519265035809088,74.48995730442707,p
17.12255596496344,74.44037001889599,p
16.635742049595635,74.47901494580108,p
16.175626391245256,74.45391725525303,p
15.836257191149736,74.43210211860875,p
15.540091267973763,74.43142376399624,p
15.213505814751132,74.40992965814407,p
14.681064443053474,74.40383812042441,p
14.235001048098987,74.39662200726893,p
13.756615811674859,74.35515685732045,p
13.206050606823332,74.3170869307755,p
12.747636868538331,74.3320434994066,p
12.296891886325193,74.33874086615361,p
11.851300200273883,74.3491182455902,p
11.457308907499241,74.28235826134556,p
11.067509592888312,74.27437228349609,p
10.257081137710117,74.4469863838205,p
9.805303965031632,74.49894330079283,p
9.360126078645893,74.54325787463739,p
8.856607238912815,74.60952076229776,p
8.421232469185693,74.64985249364368,p
7.977989700676894,74.72842414583462,p
7.520787602167366,74.7739128053424,p
6.987805591715564,74.85208794113704,p
6.545898174715663,74.92252205592663,p
6.107628487121191,75.00704844800192,p
5.604032018112094,75.08864310810236,p
5.107666241333127,75.17185349183313,p
4.665189702062762,75.22885503661661,p
4.212792534722116,75.30212738916005,p
3.5703985720517455,75.39618607472238,p
3.153881119215346,75.45094768337125,p
2.7557328366809672,75.49874117270551,p
2.1617268544662585,75.57185855671457,p
1.2523923741437704,75.61930977282877,p
0.8379717085574383,75.61702300229743,p
0.3502096207580683,75.66368204088728,p
-0.17020302643082763,75.70487294102304,p
-0.6922058993632109,75.69862680153575,p
-1.2074233025423378,75.68487574312064,p
-1.7798186019052777,75.7132765014494,p
-2.2717613772595544,75.79474409210425,p
-2.770467582474108,75.81935116101579,p
-3.3545871115060697,75.86274396942993,p
-3.87009980843938,75.90161164795018,p
-4.378242520206472,75.90382647729302,p
-4.893310566504491,75.89837582174786,p
-5.418621518473527,75.97514056170112,p
-5.852055027979239,76.01566435260789,p
-6.381897855737788,76.02821117103277,p
-6.973733585762902,76.04416195429802,p
-7.475862844674977,76.09620704072157,p
-8.587560874462994,76.07866266516078,p
-9.056170225392453,76.17803419691595,p
-9.616309647615054,76.24170219456205,p
-10.17330979322078,76.29840849714653,p
-10.729457883345003,76.35806271446596,p
-11.279855565386033,76.40144974764432,p
-11.874821977512852,76.56002050838484,p
-12.449631898758264,76.64399771935817,p
-13.188780652306113,76.79487622514219,p
-13.734287823079837,76.87170373796135,p
-14.243856844189526,76.99653922079017,p
-15.922513856043416,79.93760937242979,p
-17.461975660515897,82.82556597870399,p
-18.566089072593098,85.8183963402967,p
-20.106944809180504,88.63721565940952,p
-21.779288890134563,91.31492144621328,p
-22.296080301150937,91.10952632323061,p
-23.935641701035333,93.69108551206294,p
-25.895703273075508,96.21757485420139,p
-27.761984101262676,98.57739345382592,p
-29.717689630905134,100.9637526869746,p
-30.96521544475381,103.68106373721916,p
-31.792123578714985,103.17317304639192,p
-32.52869931811021,102.73959729682093,p
-33.45782437745838,102.25288038643619,p
-34.22495008223893,101.85642847835229,p
-35.001434596620115,101.4770286185361,p
-35.43897397497195,100.33574153196817,p
-35.73118882243753,99.05586136858571,p
-35.92474865151554,97.86733149424256,p
-36.064726658152935,96.60752159384887,p
-35.536948337351554,95.73468137703247,p
-35.66002350740612,94.29819665889974,p
-35.74097125634357,92.93442212267604,p
-35.74956245946986,91.74957186687026,p
-36.51530155629608,91.24023790101847,p
-36.51946593832145,89.9772779742766,p
-36.507482616123625,88.60497818823954,p
-36.77236703723773,88.06996391041474,p
-37.21600633565963,87.60841129656976,p
-37.61904690936558,87.13166270717312,p
-37.606977182159525,87.11571524075455,p
-38.07763803919831,86.67999087314286,p
-38.38715346728005,86.36261408390334,p
-38.677658388400125,86.05626801313467,p
-38.771238521408975,85.789282732282,p
-38.883085725310444,85.5963313182904,p
-39.048066553179694,85.43653488881807,p
-39.214051649324276,85.26182915436287,p
-39.39838814708007,85.10963055614582,p
-39.49894191944005,84.92192599984172,p
-39.60660450694703,84.72739030117755,p
-39.713373933032074,84.53266003462484,p
-39.834981046859745,84.3243225930841,p
-39.96728056371391,84.1452003986096,p
-40.16273805431749,83.97645625072302,p
-40.39631236711361,83.77283992670121,p
-40.490764194778876,83.58326104035785,p
-40.45768551161951,83.5457670312305,p
-40.57945456092267,83.26410416502435,p
-40.794004279057326,83.07207233943379,p
-40.916688781041,82.83997891377102,p
-41.06837027690365,82.57993855046499,p
-41.26451649301289,82.39944645607522,p
-41.427725443419064,82.13861046286996,p
-41.61905576626054,81.84915527607943,p
-41.70741002044813,81.58615178925439,p
-41.93007424030264,81.31737234956253,p
-42.07960863287808,81.04717359780622,p
-42.18370612205679,80.83353668840182,p
-42.45784245708621,80.61912477717148,p
-42.57455768294947,80.3189624660595,p
-42.79606939677131,80.03856043945504,p
-42.76756875406172,80.01049420769621,p
-43.08677386348528,79.74123603232906,p
-43.35430117804412,79.46381606194103,p
-43.654802768106755,79.1477616265791,p
-43.93220239855133,78.85174042249349,p
-44.14377812226325,78.56406877522807,p
-44.47150227074619,78.20453544111328,p
-44.69967539812138,77.90555607803748,p
-44.92167416657417,77.53423606426654,p
-45.31165886807444,77.16260659823467,p
-45.57967585920524,76.7261625033729,p
-45.58730367124715,76.73262906996214,p
-45.910460577118215,76.23860639346182,p
-45.432394301434385,75.05619432354854,p
-45.60567764966533,74.58612434967822,p
-45.89974526534446,74.1013826405838,p
-45.289757818210326,72.91295656614568,p
-45.49570160923516,72.34342103990676,p
-45.771264949384474,71.9727802837917,p
-45.15230798757232,70.69890554216362,p
-45.32379895998373,70.1642113955177,p
-45.676805841238746,69.65611185172911,p
-46.044808894732974,69.02270918768083,p
-45.28643851047106,67.84718368918934,p
-46.48231964253978,67.89172159476703,p
-45.81676295294638,66.78854655041354,p
-46.00410246263054,66.15599234605925,p
-46.47367734647444,65.6196434475882,p
-45.37950918407693,64.25386128231929,p
-44.61257500893181,63.085159852050275,p
-45.90491479281216,63.0731038590358,p
-45.461091290535975,62.06969493586128,p
-45.954087396314925,61.541595066137475,p
-47.63092810869085,61.598320051229535,p
-46.81423344934199,60.426889203129306,p
-48.329270703756414,60.409148784364845,p
-49.26153918106292,59.93086688133626,p
-53.558251173572806,61.78577012771375,p
-53.84093995776257,61.119312033761446,p
-59.12129305069719,62.28541163957473,p
-63.48700185273032,64.02626966246183,p
-67.28882284677103,64.34994510852293,p
-67.61575075133108,63.473672258976144,p
-72.27631632544237,64.10265035558895,p
-75.65672372474823,64.35931298172875,p
-78.50106383765691,53.15338997955777,p
-76.47434538464653,51.91070018009603,p
-74.41174621158852,50.765260336182266,p
-74.53190977873226,49.97445018855096,p
-74.28575153050629,48.99147719133182,p
-74.09444736967862,48.03758546948673,p
-72.03550874365794,46.852394538568156,p
-71.95835588063925,45.923423407032075,p
-71.92973818148319,44.86635402464735,p
-71.97786876310731,43.92891905090352,p
-71.85812981813243,43.92100797914935,p
-71.77387844430524,42.978548667331445,p
-71.82709181768536,41.774232524331396,p
-71.78335794915081,40.87504308451464,p
-71.81839670786317,39.95370311169615,p
-71.84066193604617,38.87187727080822,p
-71.8616606455996,38.07219443421107,p
-71.70467790549611,37.313606073337375,p
-71.61471255792065,37.31610331894533,p
-71.61486019539669,36.19933551391355,p
-71.56871122388397,35.280406213993274,p
-71.41732127904713,34.319549529990915,p
-71.28324529001623,32.276924558200136,p
-71.18740335421175,31.288452723785387,p
-71.19733867700945,31.287317223496697,p
-71.07015788221427,30.16622876893711,p
-70.95083173022138,29.154964540314747,p
-70.8067521001526,28.208983494376234,p
-70.64076693439212,26.86785720018397,p
-70.55486450191596,25.808868993876864,p
-70.30374465197318,24.818662084420943,p
-70.33310638352476,24.81250670301174,p
-70.15553897007906,23.80658427844434,p
-69.95181847600777,22.969963219520466,p
-69.79240047416324,22.147732064038124,p
-69.54042178519845,21.17058907996806,p
-69.27115574093892,20.185304806064917,p
-69.02505813347395,19.15438309194152,p
-68.70027906508102,17.9267514934702,p
-68.47339875763481,16.937247045128686,p
-68.2832465356012,15.945078043196759,p
-68.42488576308959,15.895698601761218,p
-68.16389999532797,14.750891126419663,p
-67.80178439429113,13.786220348235645,p
-67.42055588528675,12.386683311442091,p
-67.24294704732694,11.462255072458504,p
-67.11744622248247,10.536834412860077,p
-66.8594786214097,9.347148619584164,p
-67.27786081429191,9.155951494398977,p
-67.31305036700326,7.836621808686498,p
-66.91291094452096,7.010733733219645,p
-70.01271267084317,4.180447344310281,p
-61.56585545989358,-1.7980333994362852,p
-52.26904047854165,2.382175327364088,p
-51.28938566422685,3.092369980110668,p
-42.49857687650699,8.49112960772118,p
-33.71224331195699,13.731002554925592,p
-25.39241620392194,19.739663380100264,p
0.35207671882733566,0.7183606225704299,o
-26.022163248954456,-16.155156086220934,p
-34.56809392134916,-20.975273984404847,p
-34.78217879743973,-20.626807198687324,p
-40.57767052585735,-23.85527139400837,p
-46.19338608111081,-27.304287231256193,p
-54.88906889759107,-32.53951409884943,p
-54.82511659521277,-32.645508127696665,p
-63.317220265721154,-38.02362592295102,p
